Name,Episodes,Air Dates,Members,Score
Sousou no Frieren,TV (28 eps),Sep 2023 - Mar 2024,"1,005,339 members",9.31
Fullmetal Alchemist: Brotherhood,TV (64 eps),Apr 2009 - Jul 2010,"3,467,400 members",9.10
One Piece Fan Letter,TV Special (1 eps),Oct 2024 - Oct 2024,"83,384 members",9.07
Steins;Gate,TV (24 eps),Apr 2011 - Sep 2011,"2,656,362 members",9.07
Shingeki no Kyojin Season 3 Part 2,TV (10 eps),Apr 2019 - Jul 2019,"2,393,507 members",9.05
Gintama°,TV (51 eps),Apr 2015 - Mar 2016,"654,095 members",9.05
Gintama: The Final,Movie (1 eps),Jan 2021 - Jan 2021,"162,105 members",9.04
Gintama',TV (51 eps),Apr 2011 - Mar 2012,"577,986 members",9.03
Hunter x Hunter (2011),TV (148 eps),Oct 2011 - Sep 2014,"2,965,266 members",9.03
Gintama': Enchousen,TV (13 eps),Oct 2012 - Mar 2013,"336,832 members",9.02
Ginga Eiyuu Densetsu,OVA (110 eps),Jan 1988 - Mar 1997,"335,987 members",9.02
Bleach: Sennen Kessen-hen,TV (13 eps),Oct 2022 - Dec 2022,"608,562 members",9.00
Kaguya-sama wa Kokurasetai: Ultra Romantic,TV (13 eps),Apr 2022 - Jun 2022,"1,000,724 members",8.99
Gintama.,TV (12 eps),Jan 2017 - Mar 2017,"326,725 members",8.98
Fruits Basket: The Final,TV (13 eps),Apr 2021 - Jun 2021,"511,257 members",8.96
Clannad: After Story,TV (24 eps),Oct 2008 - Mar 2009,"1,226,945 members",8.93
Gintama,TV (201 eps),Apr 2006 - Mar 2010,"1,099,645 members",8.93
Koe no Katachi,Movie (1 eps),Sep 2016 - Sep 2016,"2,435,006 members",8.93
3-gatsu no Lion 2nd Season,TV (22 eps),Oct 2017 - Mar 2018,"415,506 members",8.91
Code Geass: Hangyaku no Lelouch R2,TV (25 eps),Apr 2008 - Sep 2008,"1,844,057 members",8.91
Gintama Movie 2: Kanketsu-hen - Yorozuya yo Eien Nare,Movie (1 eps),Jul 2013 - Jul 2013,"248,095 members",8.90
Gintama. Shirogane no Tamashii-hen - Kouhan-sen,TV (14 eps),Jul 2018 - Oct 2018,"208,273 members",8.88
Kusuriya no Hitorigoto,TV (24 eps),Oct 2023 - Mar 2024,"542,614 members",8.88
Monster,TV (74 eps),Apr 2004 - Sep 2005,"1,198,637 members",8.88
Owarimonogatari 2nd Season,TV Special (7 eps),Aug 2017 - Aug 2017,"414,054 members",8.87
Shingeki no Kyojin: The Final Season - Kanketsu-hen,TV Special (2 eps),Mar 2023 - Nov 2023,"732,699 members",8.87
Violet Evergarden Movie,Movie (1 eps),Sep 2020 - Sep 2020,"655,291 members",8.85
Kimi no Na wa.,Movie (1 eps),Aug 2016 - Aug 2016,"2,850,710 members",8.83
Kingdom 3rd Season,TV (26 eps),Apr 2020 - Oct 2021,"112,926 members",8.83
Ore dake Level Up na Ken Season 2: Arise from the Shadow,TV (13 eps),Jan 2025 -,"299,278 members",8.82
Vinland Saga Season 2,TV (24 eps),Jan 2023 - Jun 2023,"705,017 members",8.81
Gintama. Shirogane no Tamashii-hen,TV (12 eps),Jan 2018 - Mar 2018,"221,650 members",8.81
Mob Psycho 100 II,TV (13 eps),Jan 2019 - Apr 2019,"1,608,647 members",8.79
Kizumonogatari III: Reiketsu-hen,Movie (1 eps),Jan 2017 - Jan 2017,"482,298 members",8.78
Hajime no Ippo,TV (75 eps),Oct 2000 - Mar 2002,"632,231 members",8.78
Shingeki no Kyojin: The Final Season,TV (16 eps),Dec 2020 - Mar 2021,"2,108,064 members",8.78
Sen to Chihiro no Kamikakushi,Movie (1 eps),Jul 2001 - Jul 2001,"1,921,523 members",8.77
Jujutsu Kaisen 2nd Season,TV (23 eps),Jul 2023 - Dec 2023,"1,126,168 members",8.77
Boku no Kokoro no Yabai Yatsu 2nd Season,TV (13 eps),Jan 2024 - Mar 2024,"239,726 members",8.77
Haikyuu!! Karasuno Koukou vs. Shiratorizawa Gakuen Koukou,TV (10 eps),Oct 2016 - Dec 2016,"1,253,547 members",8.77
Bocchi the Rock!,TV (12 eps),Oct 2022 - Dec 2022,"658,960 members",8.76
Shingeki no Kyojin: The Final Season Part 2,TV (12 eps),Jan 2022 - Apr 2022,"1,394,931 members",8.76
Vinland Saga,TV (24 eps),Jul 2019 - Dec 2019,"1,629,021 members",8.76
Kusuriya no Hitorigoto 2nd Season,TV (24 eps),Jan 2025 -,"180,520 members",8.76
Monogatari Series: Second Season,TV (26 eps),Jul 2013 - Dec 2013,"689,007 members",8.76
Kaguya-sama wa Kokurasetai: First Kiss wa Owaranai,Movie (1 eps),Dec 2022 - Dec 2022,"310,252 members",8.75
Cowboy Bebop,TV (26 eps),Apr 1998 - Apr 1999,"1,937,540 members",8.75
Ashita no Joe 2,TV (47 eps),Oct 1980 - Aug 1981,"56,530 members",8.74
The First Slam Dunk,Movie (1 eps),Dec 2022 - Dec 2022,"58,625 members",8.74
Shiguang Dailiren,ONA (11 eps),Apr 2021 - Jul 2021,"410,407 members",8.73
